{
  "version": 1,
  "author": "Sude Emik",
  "editor": "wokwi",
  "parts": [
    { "type": "wokwi-arduino-nano", "id": "nano", "top": 62.4, "left": 191.5, "attrs": {} },
    {
      "type": "wokwi-hc-sr04",
      "id": "ultrasonic1",
      "top": -142.5,
      "left": 43.9,
      "attrs": { "distance": "368" }
    },
    { "type": "wokwi-pir-motion-sensor", "id": "pir1", "top": -140, "left": -74.58, "attrs": {} },
    {
      "type": "wokwi-buzzer",
      "id": "bz1",
      "top": -141.6,
      "left": -180.6,
      "attrs": { "volume": "0.1" }
    },
    { "type": "wokwi-lcd1602", "id": "lcd1", "top": -198.17, "left": 265.6, "attrs": {} },
    {
      "type": "wokwi-resistor",
      "id": "r1",
      "top": 42.35,
      "left": 432,
      "rotate": 90,
      "attrs": { "value": "220" }
    }
  ],
  "connections": [
    [ "lcd1:A", "r1:1", "magenta", [ "v48", "h-0.1" ] ],
    [ "bz1:2", "nano:9", "cyan", [ "v86.4", "h-0.4" ] ],
    [ "lcd1:VDD", "nano:5V", "red", [ "v76.8", "h115.3", "v144", "h-105.6" ] ],
    [ "ultrasonic1:VCC", "nano:5V", "red", [ "v201.6", "h201.6" ] ],
    [ "pir1:VCC", "nano:5V", "red", [ "v201.6", "h355.2" ] ],
    [ "bz1:1", "nano:GND.2", "black", [ "v76.8", "h441.6", "v0", "h28.8" ] ],
    [ "pir1:GND", "nano:GND.2", "black", [ "v67.2", "h335.74" ] ],
    [ "ultrasonic1:GND", "nano:GND.2", "black", [ "v67.2", "h171.6" ] ],
    [ "lcd1:VSS", "nano:GND.2", "black", [ "v86.4", "h19.2" ] ],
    [ "lcd1:RW", "nano:GND.2", "black", [ "v86.4", "h-19.3" ] ],
    [ "lcd1:K", "nano:GND.2", "black", [ "v86.4", "h-105.6" ] ],
    [ "lcd1:D7", "nano:2", "green", [ "v115.2", "h-114.9" ] ],
    [ "lcd1:D6", "nano:3", "green", [ "v105.6", "h-115" ] ],
    [ "lcd1:D5", "nano:4", "green", [ "v96", "h-38.3" ] ],
    [ "lcd1:D4", "nano:5", "green", [ "v86.4", "h-19.2" ] ],
    [ "r1:2", "nano:5V", "red", [ "h-0.55", "v76.45", "h-144" ] ],
    [ "lcd1:RS", "nano:12", "yellow", [ "v67.2", "h-114.9" ] ],
    [ "lcd1:E", "nano:11", "purple", [ "v48", "h-124.8", "v9.6" ] ],
    [ "pir1:OUT", "nano:8", "magenta", [ "v96", "h278.26" ] ],
    [ "ultrasonic1:TRIG", "nano:7", "green", [ "v86.4", "h134" ] ],
    [ "ultrasonic1:ECHO", "nano:6", "blue", [ "v57.6", "h8.8" ] ]
  ],
  "dependencies": {}
}